Collaborator,Count
Perković Toni,79 
Šolić Petar,46
Čoko Duje,5
Čagalj Mario,18
Rakić Nikola,1
Čulić Ana,6
Nižetić Sandro,4
Čongradac Velimir,2
Mastelić Toni,1
Begušić Dinko,2
Bugarić Marin,5
Dujić Rodić Lea,10
Županović Tomislav,4
Radoš Katarina,1
Škiljo Maja, 7
Blažević Zoran,8
Damjanović Slaven,2
Kovačević Tonko,4
Rudeš Hrvoje,2
Kosović Ivana,1
Nakić Antun,1
Šabić Josip,3
Andrić Ivo,3
Vrsalović Adrijana,3
Čuvić Marin,3
Dagelić Ante,4
Andjelkovic Aleksandar,2
Vujatović Bojan,1
Stančić Ivo, 7
Zovko Kristina,6
Šerić Ljiljana,2
Belani Hrvoje,6
Kapetanović Ante,1
Popovski Petar,1
Bešlić Matea,2
Pavlov Goran,2
Srzić Veljko,1
Lovrinović Ivan,1
Kekez Toni,1
Biloš Marin,1
Leo Carlo,2
Sabina Saverio,2
Pleština Vladimir,4
Radanović Roko,1
Garma Tonko,3
Ragnoli Mattia,1
Medojević Milovan,1
Toskić Marko,1
Ćulibrk Dubravko,1
Medojević Milana,1
Granić Andrina,1
Russo Mladen,1
Stella Maja,1
Marasović Ivan,1
Vukojević Katarina,1
Bašić Andrej,1
Marendić Slobodan,1
Bajc Tamara,1
Božić-Štulić Dunja,1
Zargariasl Hamid,4
Rodrigues Joel,7
Saxena Nitesh,2
Li Shujun,2
Mumtaz Asma,1
Khayam Syed,1
Javed Yousra,1
Leoni Alfiero,2
Colella Riccardo,4
Catarinucci Luca,5
Stornelli Vincenzo,1
Rozario Sophia,1
Venkatraman Sitalakshmi,1
Marimuthu Malliga,1
Khaksar Seyed,1
Subramani Gopi,1
Yin ChuanTao,1
Xiong Zhang,1
Chen Hui,1
Wang JingYuan,1
Patrono Luigi,7
Rayhana Rakiba,1
Xiao Gaozhi,1
Liu Zheng,1
Vlachos Ilias,1
Ferrero Renato,1
Barachi May,1
Grassi Giuseppe,1
Bregni Stefano,3
Cooper Daven,1
David Bertrand,1
Atzori Luigi,1
Petrova Marina,1
Michalopoulou Maria,1
Stamatiadou Marina,1
Thoidis Iordanis,1
Vryzas Nikolaos,1
Vrysis Lazaros,1
Dimoulas Charalampos,1
Aneli Stefano,1
Antoniadou Panagiota,1
Arici Muslum,1
Bandiera Francesco,1
Bochicchio Mario,1
Iliev Plamen,1
Wang Tianyu,1
Song Lingyang,1
Han Zhu,1
Saad Walid,1
Esposito Paolo,1
